region,woreda,date,acute_cases,roll_mean,roll_std,variability_factor
amhara,beyeda,2019-01-01,0.0,,,
amhara,beyeda,2019-02-01,0.0,,,
amhara,beyeda,2019-03-01,0.0,0.0,0.0,
amhara,beyeda,2019-04-01,0.0,0.0,0.0,
amhara,beyeda,2019-05-01,0.0,0.0,0.0,
amhara,beyeda,2019-06-01,0.0,0.0,0.0,
amhara,beyeda,2019-07-01,0.0,0.0,0.0,
amhara,beyeda,2019-08-01,0.0,0.0,0.0,
amhara,beyeda,2019-09-01,0.0,0.0,0.0,
amhara,beyeda,2019-10-01,0.0,0.0,0.0,
amhara,beyeda,2019-11-01,0.0,0.0,0.0,
amhara,beyeda,2019-12-01,0.0,0.0,0.0,
amhara,beyeda,2020-01-01,0.0,0.0,0.0,
amhara,beyeda,2020-02-01,0.0,0.0,0.0,
amhara,beyeda,2020-03-01,0.0,0.0,0.0,
amhara,beyeda,2020-04-01,0.0,0.0,0.0,
amhara,beyeda,2020-05-01,0.0,0.0,0.0,
amhara,beyeda,2020-06-01,0.0,0.0,0.0,
amhara,beyeda,2020-07-01,0.0,0.0,0.0,
amhara,beyeda,2020-08-01,0.0,0.0,0.0,
amhara,beyeda,2020-09-01,0.0,0.0,0.0,
amhara,beyeda,2020-10-01,0.0,0.0,0.0,
amhara,beyeda,2020-11-01,0.0,0.0,0.0,
amhara,beyeda,2020-12-01,0.0,0.0,0.0,
amhara,beyeda,2021-01-01,0.0,0.0,0.0,
amhara,beyeda,2021-02-01,0.0,0.0,0.0,
amhara,beyeda,2021-03-01,0.0,0.0,0.0,
amhara,beyeda,2021-04-01,0.0,0.0,0.0,
amhara,beyeda,2021-05-01,0.0,0.0,0.0,
amhara,beyeda,2021-06-01,0.0,0.0,0.0,
amhara,beyeda,2021-07-01,0.0,0.0,0.0,
amhara,beyeda,2021-08-01,0.0,0.0,0.0,
amhara,beyeda,2021-09-01,0.0,0.0,0.0,
amhara,beyeda,2021-10-01,0.0,0.0,0.0,
amhara,beyeda,2021-11-01,0.0,0.0,0.0,
amhara,beyeda,2021-12-01,0.0,0.0,0.0,
amhara,beyeda,2022-01-01,0.0,0.0,0.0,
amhara,beyeda,2022-02-01,0.0,0.0,0.0,
amhara,beyeda,2022-03-01,0.0,0.0,0.0,
amhara,beyeda,2022-04-01,0.0,0.0,0.0,
amhara,beyeda,2022-05-01,0.0,0.0,0.0,
amhara,beyeda,2022-06-01,0.0,0.0,0.0,
amhara,beyeda,2022-07-01,467.0,77.83333333333333,190.65195164662404,2.4494897427831783
amhara,beyeda,2022-08-01,341.0,134.66666666666666,212.39554295386395,1.5771946258950296
amhara,beyeda,2022-09-01,130.0,156.33333333333334,202.301425270972,1.2940389676181576
amhara,beyeda,2022-10-01,185.0,187.16666666666666,187.24680682635596,1.0004281753856954
amhara,beyeda,2022-11-01,235.0,226.33333333333334,163.31523709276692,0.7215695306013266
amhara,beyeda,2022-12-01,684.0,340.3333333333333,206.6955893740035,0.6073327797473169
amhara,beyeda,2023-01-01,209.0,297.3333333333333,201.85407270269945,0.6788814104350879
amhara,beyeda,2023-02-01,290.0,288.8333333333333,200.71812739926276,0.6949271577585555
amhara,beyeda,2023-03-01,268.0,311.8333333333333,186.2637019568404,0.5973181249284033
amhara,beyeda,2023-04-01,56.0,290.3333333333333,209.791007115812,0.722586706483853
amhara,beyeda,2023-05-01,152.0,276.5,216.78906799006265,0.7840472621702085
amhara,beyeda,2023-06-01,223.0,199.66666666666666,85.29165648917058,0.4271702328339094
amhara,beyeda,2023-07-01,142.0,188.5,88.16291737459693,0.46770778448062034
amhara,beyeda,2023-08-01,130.0,161.83333333333334,74.45378879994404,0.4600646063848241
amhara,beyeda,2023-09-01,250.0,158.83333333333334,69.5195416172077,0.43768861458892566
amhara,beyeda,2023-10-01,201.0,183.0,48.71139497078694,0.2661824861791636
amhara,beyeda,2023-11-01,448.0,232.33333333333334,115.34759064092616,0.49647456516897914
amhara,beyeda,2023-12-01,425.0,266.0,139.11002839479264,0.5229700315593708
amhara,beyeda,2024-01-01,114.0,261.3333333333333,144.46822026545033,0.5528120673422845
amhara,beyeda,2024-02-01,84.0,253.66666666666666,153.75391593929135,0.6061258184203339
amhara,beyeda,2024-03-01,230.0,250.33333333333334,154.06578681416156,0.6154425571804056
amhara,beyeda,2024-04-01,281.0,263.6666666666667,152.39510053366766,0.5779839463982338
amhara,beyeda,2024-05-01,369.0,250.5,135.79212053723884,0.5420843135219116
amhara,beyeda,2024-06-01,157.0,205.83333333333334,108.18394828562448,0.52559003215688
amhara,beyeda,2024-07-01,0.0,186.83333333333334,134.3777015232314,0.7192383667612742
amhara,beyeda,2024-08-01,0.0,172.83333333333334,150.62724410499806,0.8715173236547621
amhara,beyeda,2024-09-01,0.0,134.5,162.0058640913964,1.2045045657352893
amhara,beyeda,2024-10-01,0.0,87.66666666666667,151.45780490508457,1.7276555692595197
amhara,beyeda,2024-11-01,0.0,26.166666666666668,64.09498160282644,2.4494897427831757
amhara,beyeda,2024-12-01,0.0,0.0,0.0,
amhara,debark_town,2019-01-01,0.0,,,
amhara,debark_town,2019-02-01,0.0,,,
amhara,debark_town,2019-03-01,0.0,0.0,0.0,
amhara,debark_town,2019-04-01,0.0,0.0,0.0,
amhara,debark_town,2019-05-01,0.0,0.0,0.0,
amhara,debark_town,2019-06-01,0.0,0.0,0.0,
amhara,debark_town,2019-07-01,0.0,0.0,0.0,
amhara,debark_town,2019-08-01,0.0,0.0,0.0,
amhara,debark_town,2019-09-01,0.0,0.0,0.0,
amhara,debark_town,2019-10-01,0.0,0.0,0.0,
amhara,debark_town,2019-11-01,0.0,0.0,0.0,
amhara,debark_town,2019-12-01,0.0,0.0,0.0,
amhara,debark_town,2020-01-01,0.0,0.0,0.0,
amhara,debark_town,2020-02-01,0.0,0.0,0.0,
amhara,debark_town,2020-03-01,0.0,0.0,0.0,
amhara,debark_town,2020-04-01,0.0,0.0,0.0,
amhara,debark_town,2020-05-01,0.0,0.0,0.0,
amhara,debark_town,2020-06-01,0.0,0.0,0.0,
amhara,debark_town,2020-07-01,0.0,0.0,0.0,
amhara,debark_town,2020-08-01,0.0,0.0,0.0,
amhara,debark_town,2020-09-01,0.0,0.0,0.0,
amhara,debark_town,2020-10-01,0.0,0.0,0.0,
amhara,debark_town,2020-11-01,0.0,0.0,0.0,
amhara,debark_town,2020-12-01,0.0,0.0,0.0,
amhara,debark_town,2021-01-01,0.0,0.0,0.0,
amhara,debark_town,2021-02-01,0.0,0.0,0.0,
amhara,debark_town,2021-03-01,0.0,0.0,0.0,
amhara,debark_town,2021-04-01,0.0,0.0,0.0,
amhara,debark_town,2021-05-01,0.0,0.0,0.0,
amhara,debark_town,2021-06-01,0.0,0.0,0.0,
amhara,debark_town,2021-07-01,0.0,0.0,0.0,
amhara,debark_town,2021-08-01,0.0,0.0,0.0,
amhara,debark_town,2021-09-01,0.0,0.0,0.0,
amhara,debark_town,2021-10-01,0.0,0.0,0.0,
amhara,debark_town,2021-11-01,0.0,0.0,0.0,
amhara,debark_town,2021-12-01,0.0,0.0,0.0,
amhara,debark_town,2022-01-01,0.0,0.0,0.0,
amhara,debark_town,2022-02-01,0.0,0.0,0.0,
amhara,debark_town,2022-03-01,0.0,0.0,0.0,
amhara,debark_town,2022-04-01,0.0,0.0,0.0,
amhara,debark_town,2022-05-01,0.0,0.0,0.0,
amhara,debark_town,2022-06-01,0.0,0.0,0.0,
amhara,debark_town,2022-07-01,180.0,30.0,73.48469228349535,2.4494897427831783
amhara,debark_town,2022-08-01,76.0,42.666666666666664,73.82863039950468,1.7303585249883908
amhara,debark_town,2022-09-01,766.0,170.33333333333334,300.28364368820803,1.7629176733162897
amhara,debark_town,2022-10-01,22.0,174.0,297.9127389018469,1.7121421775968213
amhara,debark_town,2022-11-01,215.0,209.83333333333334,285.46832865778066,1.3604527179878347
amhara,debark_town,2022-12-01,93.0,225.33333333333334,274.094630860706,1.2163962908019497
amhara,debark_town,2023-01-01,41.0,202.16666666666666,284.3739908407003,1.4066314468624912
amhara,debark_town,2023-02-01,18.0,192.5,290.44156038693916,1.5087873266853982
amhara,debark_town,2023-03-01,21.0,68.33333333333333,77.18462713951966,1.1295311288710195
amhara,debark_town,2023-04-01,16.0,67.33333333333333,77.94014797693596,1.1575269501525143
amhara,debark_town,2023-05-01,48.0,39.5,29.303583398622187,0.7418628708511946
amhara,debark_town,2023-06-01,64.0,34.666666666666664,19.44907881280427,0.5610311196001232
amhara,debark_town,2023-07-01,20.0,31.166666666666668,19.96413450832947,0.6405604655078974
amhara,debark_town,2023-08-01,15.0,30.666666666666668,20.392809190169743,0.6649829083751003
amhara,debark_town,2023-09-01,25.0,31.333333333333332,20.0765202828247,0.6407400090263202
amhara,debark_town,2023-10-01,98.0,45.0,31.949960876345482,0.7099991305854552
amhara,debark_town,2023-11-01,14.0,39.333333333333336,34.244220923634295,0.8706157861940922
amhara,debark_town,2023-12-01,203.0,62.5,75.92298729633872,1.2147677967414194
amhara,debark_town,2024-01-01,22.0,62.833333333333336,75.70314832730986,1.20482464181395
amhara,debark_town,2024-02-01,15.0,62.833333333333336,75.70314832730986,1.20482464181395
amhara,debark_town,2024-03-01,18.0,61.666666666666664,76.45303569294471,1.2397789571828872
amhara,debark_town,2024-04-01,17.0,48.166666666666664,75.9036670172573,1.5758546785589753
amhara,debark_town,2024-05-01,12.0,47.833333333333336,76.08788777898013,1.5906875493863442
amhara,debark_town,2024-06-01,69.0,25.5,21.566177222679144,0.8457324401050644
amhara,debark_town,2024-07-01,0.0,21.833333333333332,24.01180265341757,1.099777220767217
amhara,debark_town,2024-08-01,0.0,19.333333333333332,25.59427019210883,1.3238415616608017
amhara,debark_town,2024-09-01,0.0,16.333333333333332,26.80795901717753,1.6413036132965837
amhara,debark_town,2024-10-01,0.0,13.5,27.60978087562455,2.045168953749967
amhara,debark_town,2024-11-01,0.0,11.5,28.1691320420066,2.4494897427831823
amhara,debark_town,2024-12-01,0.0,0.0,0.0,
amhara,janamora,2019-01-01,0.0,,,
amhara,janamora,2019-02-01,0.0,,,
amhara,janamora,2019-03-01,0.0,0.0,0.0,
amhara,janamora,2019-04-01,0.0,0.0,0.0,
amhara,janamora,2019-05-01,0.0,0.0,0.0,
amhara,janamora,2019-06-01,0.0,0.0,0.0,
amhara,janamora,2019-07-01,0.0,0.0,0.0,
amhara,janamora,2019-08-01,0.0,0.0,0.0,
amhara,janamora,2019-09-01,0.0,0.0,0.0,
amhara,janamora,2019-10-01,0.0,0.0,0.0,
amhara,janamora,2019-11-01,0.0,0.0,0.0,
amhara,janamora,2019-12-01,0.0,0.0,0.0,
amhara,janamora,2020-01-01,0.0,0.0,0.0,
amhara,janamora,2020-02-01,0.0,0.0,0.0,
amhara,janamora,2020-03-01,0.0,0.0,0.0,
amhara,janamora,2020-04-01,0.0,0.0,0.0,
amhara,janamora,2020-05-01,0.0,0.0,0.0,
amhara,janamora,2020-06-01,0.0,0.0,0.0,
amhara,janamora,2020-07-01,0.0,0.0,0.0,
amhara,janamora,2020-08-01,0.0,0.0,0.0,
amhara,janamora,2020-09-01,0.0,0.0,0.0,
amhara,janamora,2020-10-01,0.0,0.0,0.0,
amhara,janamora,2020-11-01,0.0,0.0,0.0,
amhara,janamora,2020-12-01,0.0,0.0,0.0,
amhara,janamora,2021-01-01,0.0,0.0,0.0,
amhara,janamora,2021-02-01,0.0,0.0,0.0,
amhara,janamora,2021-03-01,0.0,0.0,0.0,
amhara,janamora,2021-04-01,0.0,0.0,0.0,
amhara,janamora,2021-05-01,0.0,0.0,0.0,
amhara,janamora,2021-06-01,0.0,0.0,0.0,
amhara,janamora,2021-07-01,0.0,0.0,0.0,
amhara,janamora,2021-08-01,0.0,0.0,0.0,
amhara,janamora,2021-09-01,0.0,0.0,0.0,
amhara,janamora,2021-10-01,0.0,0.0,0.0,
amhara,janamora,2021-11-01,0.0,0.0,0.0,
amhara,janamora,2021-12-01,0.0,0.0,0.0,
amhara,janamora,2022-01-01,0.0,0.0,0.0,
amhara,janamora,2022-02-01,0.0,0.0,0.0,
amhara,janamora,2022-03-01,0.0,0.0,0.0,
amhara,janamora,2022-04-01,0.0,0.0,0.0,
amhara,janamora,2022-05-01,0.0,0.0,0.0,
amhara,janamora,2022-06-01,0.0,0.0,0.0,
amhara,janamora,2022-07-01,3044.0,507.3333333333333,1242.707796171999,2.4494897427831783
amhara,janamora,2022-08-01,4135.0,1196.5,1885.4435817600058,1.5757990654074432
amhara,janamora,2022-09-01,3218.0,1732.8333333333333,1934.084632756971,1.1161400208273373
amhara,janamora,2022-10-01,3155.0,2258.6666666666665,1792.442988400654,0.7935845580286249
amhara,janamora,2022-11-01,1802.0,2559.0,1458.0828508695931,0.5697861863499778
amhara,janamora,2022-12-01,3808.0,3193.6666666666665,803.0862137197139,0.2514621272475881
amhara,janamora,2023-01-01,2537.0,3109.1666666666665,847.4322195117826,0.27255927724849616
amhara,janamora,2023-02-01,2985.0,2917.5,683.1359308366085,0.2341511331059498
amhara,janamora,2023-03-01,2615.0,2817.0,674.3853497815619,0.23939842022774652
amhara,janamora,2023-04-01,3145.0,2815.3333333333335,673.39458467281,0.2391882256711378
amhara,janamora,2023-05-01,3933.0,3170.5,588.6893068503954,0.18567711933461453
amhara,janamora,2023-06-01,3054.0,3044.8333333333335,499.03683898752996,0.1638962742309475
amhara,janamora,2023-07-01,4533.0,3377.5,712.4509105896342,0.21094031401617594
amhara,janamora,2023-08-01,3101.0,3396.8333333333335,701.1540249236722,0.20641402038869697
amhara,janamora,2023-09-01,4652.0,3736.3333333333335,739.0133061499399,0.19779105347933087
amhara,janamora,2023-10-01,4582.0,3975.8333333333335,741.8920181985142,0.1866003818566793
amhara,janamora,2023-11-01,3242.0,3860.6666666666665,801.1386064013298,0.2075130218618537
amhara,janamora,2023-12-01,2978.0,3848.0,816.8894662070248,0.2122893623199129
amhara,janamora,2024-01-01,2298.0,3475.5,942.0487779303141,0.2710541729047084
amhara,janamora,2024-02-01,2988.0,3456.6666666666665,952.1089573502945,0.27544135699622796
amhara,janamora,2024-03-01,1878.0,2994.3333333333335,928.8069049413152,0.3101882127155678
amhara,janamora,2024-04-01,2152.0,2589.3333333333335,551.0174830862134,0.2128028384730484
amhara,janamora,2024-05-01,1995.0,2381.5,487.0711447006472,0.20452284052095202
amhara,janamora,2024-06-01,2684.0,2332.5,426.02335616723974,0.18264666931071372
amhara,janamora,2024-07-01,0.0,1949.5,1045.6300971184785,0.5363580903403327
amhara,janamora,2024-08-01,0.0,1451.5,1157.648953698831,0.7975535333784575
amhara,janamora,2024-09-01,0.0,1138.5,1267.903111440302,1.1136610552835327
amhara,janamora,2024-10-01,0.0,779.8333333333334,1227.6026094248355,1.5741858637634136
amhara,janamora,2024-11-01,0.0,447.3333333333333,1095.7384116050077,2.449489742783177
amhara,janamora,2024-12-01,0.0,0.0,0.0,
somali,east_imi,2019-01-01,0.0,,,
somali,east_imi,2019-02-01,0.0,,,
somali,east_imi,2019-03-01,0.0,0.0,0.0,
somali,east_imi,2019-04-01,0.0,0.0,0.0,
somali,east_imi,2019-05-01,0.0,0.0,0.0,
somali,east_imi,2019-06-01,0.0,0.0,0.0,
somali,east_imi,2019-07-01,0.0,0.0,0.0,
somali,east_imi,2019-08-01,0.0,0.0,0.0,
somali,east_imi,2019-09-01,0.0,0.0,0.0,
somali,east_imi,2019-10-01,0.0,0.0,0.0,
somali,east_imi,2019-11-01,0.0,0.0,0.0,
somali,east_imi,2019-12-01,0.0,0.0,0.0,
somali,east_imi,2020-01-01,0.0,0.0,0.0,
somali,east_imi,2020-02-01,0.0,0.0,0.0,
somali,east_imi,2020-03-01,0.0,0.0,0.0,
somali,east_imi,2020-04-01,0.0,0.0,0.0,
somali,east_imi,2020-05-01,0.0,0.0,0.0,
somali,east_imi,2020-06-01,0.0,0.0,0.0,
somali,east_imi,2020-07-01,0.0,0.0,0.0,
somali,east_imi,2020-08-01,0.0,0.0,0.0,
somali,east_imi,2020-09-01,0.0,0.0,0.0,
somali,east_imi,2020-10-01,0.0,0.0,0.0,
somali,east_imi,2020-11-01,0.0,0.0,0.0,
somali,east_imi,2020-12-01,0.0,0.0,0.0,
somali,east_imi,2021-01-01,0.0,0.0,0.0,
somali,east_imi,2021-02-01,0.0,0.0,0.0,
somali,east_imi,2021-03-01,0.0,0.0,0.0,
somali,east_imi,2021-04-01,0.0,0.0,0.0,
somali,east_imi,2021-05-01,0.0,0.0,0.0,
somali,east_imi,2021-06-01,0.0,0.0,0.0,
somali,east_imi,2021-07-01,0.0,0.0,0.0,
somali,east_imi,2021-08-01,0.0,0.0,0.0,
somali,east_imi,2021-09-01,0.0,0.0,0.0,
somali,east_imi,2021-10-01,0.0,0.0,0.0,
somali,east_imi,2021-11-01,0.0,0.0,0.0,
somali,east_imi,2021-12-01,0.0,0.0,0.0,
somali,east_imi,2022-01-01,0.0,0.0,0.0,
somali,east_imi,2022-02-01,0.0,0.0,0.0,
somali,east_imi,2022-03-01,0.0,0.0,0.0,
somali,east_imi,2022-04-01,0.0,0.0,0.0,
somali,east_imi,2022-05-01,0.0,0.0,0.0,
somali,east_imi,2022-06-01,0.0,0.0,0.0,
somali,east_imi,2022-07-01,88.0,14.666666666666666,35.92584956081994,2.449489742783178
somali,east_imi,2022-08-01,52.0,23.333333333333332,37.898109011752375,1.6242046719322447
somali,east_imi,2022-09-01,49.0,31.5,37.13623567353051,1.178928116620016
somali,east_imi,2022-10-01,66.0,42.5,35.68613176011096,0.8396736884731991
somali,east_imi,2022-11-01,45.0,50.0,29.086079144497972,0.5817215828899595
somali,east_imi,2022-12-01,73.0,62.166666666666664,16.557978942693058,0.26634818674573285
somali,east_imi,2023-01-01,82.0,61.166666666666664,14.770466027403018,0.24147900862239266
somali,east_imi,2023-02-01,0.0,52.5,29.317230428538096,0.5584234367340589
somali,east_imi,2023-03-01,660.0,154.33333333333334,249.4479237569771,1.6162932424858127
somali,east_imi,2023-04-01,279.0,189.83333333333334,249.5190707474414,1.3144112594246253
somali,east_imi,2023-05-01,0.0,182.33333333333334,255.35126133752829,1.4004639561473213
somali,east_imi,2023-06-01,0.0,170.16666666666666,263.2203766175154,1.5468386480950955
somali,east_imi,2023-07-01,168.0,184.5,259.7781746028715,1.4080117864654282
somali,east_imi,2023-08-01,144.0,208.5,245.5880697428114,1.1778804304211579
somali,east_imi,2023-09-01,36.0,104.5,111.87090774638419,1.0705350023577433
somali,east_imi,2023-10-01,145.0,82.16666666666667,78.45104630702302,0.954779468239631
somali,east_imi,2023-11-01,279.0,128.66666666666666,99.79111516897018,0.7755786153028771
somali,east_imi,2023-12-01,277.0,174.83333333333334,92.14210040294648,0.5270282196546033
somali,east_imi,2024-01-01,237.0,186.33333333333334,95.36805894358274,0.5118142698224476
somali,east_imi,2024-02-01,182.0,192.66666666666666,93.23232629655162,0.483904807767569
somali,east_imi,2024-03-01,30.0,191.66666666666666,95.25894533673292,0.49700319306121526
somali,east_imi,2024-04-01,241.0,207.66666666666666,93.90562638450729,0.452194027533743
somali,east_imi,2024-05-01,133.0,183.33333333333334,90.58182304782052,0.4940826711699301
somali,east_imi,2024-06-01,20.0,140.5,97.89943820063525,0.6967931544529199
somali,east_imi,2024-07-01,0.0,101.0,98.98282679333822,0.9800279880528536
somali,east_imi,2024-08-01,0.0,70.66666666666667,97.06423989640396,1.373550564571754
somali,east_imi,2024-09-01,0.0,65.66666666666667,100.29689260723215,1.5273638468106419
somali,east_imi,2024-10-01,0.0,25.5,53.2681893816562,2.088948603202204
somali,east_imi,2024-11-01,0.0,3.3333333333333335,8.164965809276566,2.4494897427829696
somali,east_imi,2024-12-01,0.0,0.0,0.0,
somali,west_imi,2019-01-01,0.0,,,
somali,west_imi,2019-02-01,0.0,,,
somali,west_imi,2019-03-01,0.0,0.0,0.0,
somali,west_imi,2019-04-01,0.0,0.0,0.0,
somali,west_imi,2019-05-01,0.0,0.0,0.0,
somali,west_imi,2019-06-01,0.0,0.0,0.0,
somali,west_imi,2019-07-01,0.0,0.0,0.0,
somali,west_imi,2019-08-01,0.0,0.0,0.0,
somali,west_imi,2019-09-01,0.0,0.0,0.0,
somali,west_imi,2019-10-01,0.0,0.0,0.0,
somali,west_imi,2019-11-01,0.0,0.0,0.0,
somali,west_imi,2019-12-01,0.0,0.0,0.0,
somali,west_imi,2020-01-01,0.0,0.0,0.0,
somali,west_imi,2020-02-01,0.0,0.0,0.0,
somali,west_imi,2020-03-01,0.0,0.0,0.0,
somali,west_imi,2020-04-01,0.0,0.0,0.0,
somali,west_imi,2020-05-01,0.0,0.0,0.0,
somali,west_imi,2020-06-01,0.0,0.0,0.0,
somali,west_imi,2020-07-01,0.0,0.0,0.0,
somali,west_imi,2020-08-01,0.0,0.0,0.0,
somali,west_imi,2020-09-01,0.0,0.0,0.0,
somali,west_imi,2020-10-01,0.0,0.0,0.0,
somali,west_imi,2020-11-01,0.0,0.0,0.0,
somali,west_imi,2020-12-01,0.0,0.0,0.0,
somali,west_imi,2021-01-01,0.0,0.0,0.0,
somali,west_imi,2021-02-01,0.0,0.0,0.0,
somali,west_imi,2021-03-01,0.0,0.0,0.0,
somali,west_imi,2021-04-01,0.0,0.0,0.0,
somali,west_imi,2021-05-01,0.0,0.0,0.0,
somali,west_imi,2021-06-01,0.0,0.0,0.0,
somali,west_imi,2021-07-01,0.0,0.0,0.0,
somali,west_imi,2021-08-01,0.0,0.0,0.0,
somali,west_imi,2021-09-01,0.0,0.0,0.0,
somali,west_imi,2021-10-01,0.0,0.0,0.0,
somali,west_imi,2021-11-01,0.0,0.0,0.0,
somali,west_imi,2021-12-01,0.0,0.0,0.0,
somali,west_imi,2022-01-01,0.0,0.0,0.0,
somali,west_imi,2022-02-01,0.0,0.0,0.0,
somali,west_imi,2022-03-01,0.0,0.0,0.0,
somali,west_imi,2022-04-01,0.0,0.0,0.0,
somali,west_imi,2022-05-01,0.0,0.0,0.0,
somali,west_imi,2022-06-01,0.0,0.0,0.0,
somali,west_imi,2022-07-01,336.0,56.0,137.17142559585798,2.4494897427831783
somali,west_imi,2022-08-01,432.0,128.0,200.60707863881572,1.5672428018657478
somali,west_imi,2022-09-01,309.0,179.5,200.83799441340776,1.1188746206875084
somali,west_imi,2022-10-01,319.0,232.66666666666666,185.45044261652941,0.7970649396125906
somali,west_imi,2022-11-01,473.0,311.5,166.31145480693743,0.533905151868178
somali,west_imi,2022-12-01,68.0,322.8333333333333,141.27054422867727,0.43759590365103956
somali,west_imi,2023-01-01,271.0,312.0,142.54543135435802,0.45687638254601926
somali,west_imi,2023-02-01,480.0,320.0,151.68124472063116,0.4740038897519724
somali,west_imi,2023-03-01,312.0,320.5,151.6426720946317,0.4731440626977588
somali,west_imi,2023-04-01,138.0,290.3333333333333,169.00966441794586,0.5821228395566448
somali,west_imi,2023-05-01,84.0,225.5,159.25294345788402,0.7062214787489314
somali,west_imi,2023-06-01,117.0,233.66666666666666,150.58109664452132,0.6444269471234865
somali,west_imi,2023-07-01,260.0,231.83333333333334,150.1018543078888,0.6474558776760121
somali,west_imi,2023-08-01,151.0,177.0,88.9494238317484,0.5025391176934938
somali,west_imi,2023-09-01,113.0,143.83333333333334,61.36910188903435,0.4266681475483268
somali,west_imi,2023-10-01,70.0,132.5,68.52371852139969,0.5171601397841485
somali,west_imi,2023-11-01,228.0,156.5,73.19767755878605,0.46771678951300993
somali,west_imi,2023-12-01,99.0,153.5,75.47383652630897,0.4916862314417523
somali,west_imi,2024-01-01,235.0,149.33333333333334,68.81472710595223,0.46081290472735864
somali,west_imi,2024-02-01,685.0,238.33333333333334,229.38497480581995,0.962454439744699
somali,west_imi,2024-03-01,112.0,238.16666666666666,229.49458962395315,0.9635881999606151
somali,west_imi,2024-04-01,202.0,260.1666666666667,216.08462848307065,0.8305623131956591
somali,west_imi,2024-05-01,135.0,244.66666666666666,222.10508023606005,0.9077864314825342
somali,west_imi,2024-06-01,98.0,244.5,222.23658564691817,0.9089430905804424
somali,west_imi,2024-07-01,0.0,205.33333333333334,243.89806613966147,1.187815257173676
somali,west_imi,2024-08-01,0.0,91.16666666666667,79.1313254449001,0.8679852882438768
somali,west_imi,2024-09-01,0.0,72.5,86.1341976220829,1.188057898235626
somali,west_imi,2024-10-01,0.0,38.833333333333336,61.28757350937219,1.5782207770653782
somali,west_imi,2024-11-01,0.0,16.333333333333332,40.00833246545902,2.4494897427832054
somali,west_imi,2024-12-01,0.0,0.0,0.0,
